<?xml version="1.0" encoding="utf-8"?>
<deploymentPackage version="1.0.0">
  <packageId>Cmf.Environment</packageId>
  <name>Critical Manufacturing Environment</name>
  <packageType>Generic</packageType>
  <description>This package deploys Critical Manufacturing Container Environment</description>
  <manifestVersion>1</manifestVersion>
  <version>11.2.0-alpha.1</version>
  <isInstallable>true</isInstallable>
  <isUniqueInstall>true</isUniqueInstall>
  <forceRerunAfterDatabaseRestore>true</forceRerunAfterDatabaseRestore>
  <dependencies>
    <dependency id="Cmf.Database" version="11.2.0" conditional="true"/>
    <dependency id="Cmf.Database.Runtime" version="11.2.0" conditional="true"/>
    <dependency id="Cmf.AppFramework.Security" version="11.2.0" conditional="true"/>
    <dependency id="Cmf.ConnectIoT" version="11.2.0" conditional="true"/>
    <dependency id="Cmf.Data.EnterpriseIntegration" version="11.2.0" conditional="true"/>
    <dependency id="Cmf.Grafana" version="11.2.0" conditional="true"/>
    <dependency id="Cmf.LBOs" version="11.2.0" conditional="true"/>
    <dependency id="Cmf.ClickHouse.Mes" version="11.2.0" conditional="true"/>
    <dependency id="Cmf.ClickHouse.DataPlatform" version="11.2.0" conditional="true"/>
  </dependencies>
  <steps>
    <step type="CreateAppUser" contentPath="apptemplate.txt" />
  </steps>
</deploymentPackage>